{"cameraMode":{"drawMode":0,"name":"Shaded","section":"Shading Mode"},"sceneLighting":false,"audioPlay":false,"sceneViewState":{"showFog":false,"showMaterialUpdate":false,"showSkybox":false,"showFlares":false,"showImageEffects":false,"showParticleSystems":false},"in2DMode":false,"pivot":{"x":119.01673126220703,"y":14.657342910766602,"z":15.895081520080567},"rotation":{"x":-0.04083407670259476,"y":-0.7965522408485413,"z":0.05444991588592529,"w":-0.6007497906684876},"size":9.485889434814454,"orthographic":false}