{"cameraMode":{"drawMode":0,"name":"Shaded","section":"Shading Mode"},"sceneLighting":false,"audioPlay":false,"sceneViewState":{"showFog":false,"showMaterialUpdate":false,"showSkybox":false,"showFlares":false,"showImageEffects":false,"showParticleSystems":false},"in2DMode":false,"pivot":{"x":116.4658432006836,"y":13.980395317077637,"z":19.139469146728517},"rotation":{"x":0.1237226352095604,"y":0.5258333683013916,"z":-0.07787022739648819,"w":0.8379532694816589},"size":9.485889434814454,"orthographic":false}